Model configuration;pass@1;;"Note: The parameters mention in model configuration are the ones that were changed
and differ from the default configuration, if not named, parameter has the default value 
max new tokens = 1024 and repetition penalty = 1,05";;;;;;;
Deterministic (default);0,305;;;;;;;;;
Temp 0,3, top p 0,9;0,293;;;;;;;;;
Temp 0,5, top p 0,9;0,262;;;;;;;;;
Beams 3;0,274;;;;;;;;;
Temp 0,1, top p 0,9;0,299;;;;;;;;;
Temp 0,2, top p 0,9;0,317;;;;;;;;;
Beams 5;0,28;;;;;;;;;
Beams 4;0,287;;;;;;;;;
